collected_at_utc,collected_at_tehran,source,symbol,fund_name,ins_code,last_price,closing_price,yesterday_price,price_change,price_change_percent,nav_subscription,nav_redemption
2026-09-27T13:12:52.582299+00:00,2026-09-27T16:42:52.582299+03:30,TGJU,آتش,صندوق طلای آتش,,42925,,42733,192,0.45,,
2026-09-27T13:12:52.582299+00:00,2026-09-27T16:42:52.582299+03:30,TGJU,آلتون,صندوق طلای آلتون,,76073,,75597,476,0.63,,
2026-09-27T13:12:52.582299+00:00,2026-09-27T16:42:52.582299+03:30,TGJU,امرالد,صندوق طلای امرالد,,32253,,31959,294,0.92,,
2026-09-27T13:12:52.582299+00:00,2026-09-27T16:42:52.582299+03:30,TGJU,تابش,صندوق طلای تابش,,96299,,95973,326,0.34,,
2026-09-27T13:12:52.582299+00:00,2026-09-27T16:42:52.582299+03:30,TGJU,جام طلا,صندوق طلای جام طلا,,21589,,21503,86,0.4,,
2026-09-27T13:12:52.582299+00:00,2026-09-27T16:42:52.582299+03:30,TGJU,جواهر,صندوق طلای جواهر,,89501,,88994,507,0.57,,
2026-09-27T13:12:52.582299+00:00,2026-09-27T16:42:52.582299+03:30,TGJU,درخشان,صندوق طلای درخشان,,43521,,43176,345,0.8,,
2026-09-27T13:12:52.582299+00:00,2026-09-27T16:42:52.582299+03:30,TGJU,درنا,صندوق طلای درنا,,27200,,27000,200,0.74,,
2026-09-27T13:12:52.582299+00:00,2026-09-27T16:42:52.582299+03:30,TGJU,رز ترنج,صندوق طلای رز ترنج,,29930,,29864,66,0.22,,
2026-09-27T13:12:52.582299+00:00,2026-09-27T16:42:52.582299+03:30,TGJU,رزگلد,صندوق طلای رزگلد,,22060,,21931,129,0.59,,
2026-09-27T13:12:52.582299+00:00,2026-09-27T16:42:52.582299+03:30,TGJU,ریتون,صندوق طلای ریتون,,22872,,22758,114,0.5,,
2026-09-27T13:12:52.582299+00:00,2026-09-27T16:42:52.582299+03:30,TGJU,زر,صندوق طلای زر,,1026732,,1018179,8553,0.84,,
2026-09-27T13:12:52.582299+00:00,2026-09-27T16:42:52.582299+03:30,TGJU,زرفام,صندوق طلای زرفام,,175667,,173601,2066,1.19,,
2026-09-27T13:12:52.582299+00:00,2026-09-27T16:42:52.582299+03:30,TGJU,زرگر,صندوق طلای زرگر,,24150,,23949,201,0.84,,
2026-09-27T13:12:52.582299+00:00,2026-09-27T16:42:52.582299+03:30,TGJU,زروان,صندوق طلای زروان,,48250,,48039,211,0.44,,
2026-09-27T13:12:52.582299+00:00,2026-09-27T16:42:52.582299+03:30,TGJU,زمرد,صندوق طلای زمرد,,33255,,32958,297,0.9,,
2026-09-27T13:12:52.582299+00:00,2026-09-27T16:42:52.582299+03:30,TGJU,عیار,صندوق طلای عیار,,673500,,667956,5544,0.83,,
2026-09-27T13:12:52.582299+00:00,2026-09-27T16:42:52.582299+03:30,TGJU,قیراط,صندوق طلای قیراط,,43170,,42981,189,0.44,,
2026-09-27T13:12:52.582299+00:00,2026-09-27T16:42:52.582299+03:30,TGJU,کهربا,صندوق طلای کهربا,,231816,,229976,1840,0.8,,
2026-09-27T13:12:52.582299+00:00,2026-09-27T16:42:52.582299+03:30,TGJU,گلدا,صندوق طلای گلدا,,21567,,21360,207,0.97,,
2026-09-27T13:12:52.582299+00:00,2026-09-27T16:42:52.582299+03:30,TGJU,گلدیس,صندوق طلای گلدیس,,46600,,46345,255,0.55,,
2026-09-27T13:12:52.582299+00:00,2026-09-27T16:42:52.582299+03:30,TGJU,گنج,صندوق طلای گنج,,208150,,206293,1857,0.9,,
2026-09-27T13:12:52.582299+00:00,2026-09-27T16:42:52.582299+03:30,TGJU,گوهر,صندوق طلای گوهر,,1145000,,1145000,0,0,,
2026-09-27T13:12:52.582299+00:00,2026-09-27T16:42:52.582299+03:30,TGJU,لوتوس,صندوق طلای لوتوس,,1712369,,1701987,10382,0.61,,
2026-09-27T13:12:52.582299+00:00,2026-09-27T16:42:52.582299+03:30,TGJU,لیان,صندوق طلای لیان,,44077,,43849,228,0.52,,
2026-09-27T13:12:52.582299+00:00,2026-09-27T16:42:52.582299+03:30,TGJU,مثقال,صندوق طلای مثقال,,193778,,192795,983,0.51,,
2026-09-27T13:12:52.582299+00:00,2026-09-27T16:42:52.582299+03:30,TGJU,ناب,صندوق طلای ناب,,82178,,81558,620,0.76,,
2026-09-27T13:12:52.582299+00:00,2026-09-27T16:42:52.582299+03:30,TGJU,نفیس,صندوق طلای نفیس,,140900,,140143,757,0.54,,
2026-09-27T13:12:52.582299+00:00,2026-09-27T16:42:52.582299+03:30,TGJU,نگین فارس,صندوق طلای نگین فارس,,18204,,18040,164,0.91,,
2026-09-27T13:12:52.582299+00:00,2026-09-27T16:42:52.582299+03:30,TGJU,همیان,صندوق طلای همیان,,21099,,20950,149,0.71,,
2026-09-27T13:12:52.582299+00:00,2026-09-27T16:42:52.582299+03:30,TGJU,میراث,صندوق طلای میراث,,14490,,14300,190,1.33,,
2026-09-27T13:12:52.582299+00:00,2026-09-27T16:42:52.582299+03:30,TGJU,نهال,صندوق طلای نهال,,77560,,77336,224,0.29,,
2026-09-27T13:12:52.582299+00:00,2026-09-27T16:42:52.582299+03:30,TGJU,سافرون,صندوق طلای سافرون,,77654,,77275,379,0.49,,
